{
  "material_type": "mp3_low",
  "source": "/media/michael/Software 4TB/Aurik_Standalone/test_audio/Elke Best - Du wolltest nur ein Abenteuer, aber ich suchte einen Freund.mp3",
  "sr": 48000,
  "summary": {
    "corr_delta": -0.008373578651247882,
    "lufs_delta_lu": -0.15652208418923053,
    "micro_dynamics_delta": -0.012452105076448228,
    "noise_delta_db": -0.18545815719857472,
    "side_ratio_delta": 0.0073367730532840625,
    "tonal_center_delta": -0.012452105076448228
  }
}
